is_medicaid,is_tele_opt,Quad,Region,pos_sales_mean,pos_sales_std,pos_sales_median,pos_sales_p25,pos_sales_p75,utilization_mean,utilization_std,utilization_median,utilization_p25,utilization_p75,asp_mean,asp_std,asp_median,asp_p25,asp_p75,eo_pct_mean,eo_pct_std,eo_pct_median,eo_pct_p25,eo_pct_p75,epp_pct_mean,epp_pct_std,epp_pct_median,epp_pct_p25,epp_pct_p75,ri_pct_mean,ri_pct_std,ri_pct_median,ri_pct_p25,ri_pct_p75,mas_pct_mean,mas_pct_std,mas_pct_median,mas_pct_p25,mas_pct_p75
0.0,0.0,"1. High Supply, High Demand",Region 1,76915.89285714286,20060.115850317048,73360.5,63416.5,88441.75,0.7987267907441884,0.0988682219273696,0.8125465838509316,0.7409387065637065,0.8702807112250751,505.47212756975586,64.38703704481506,504.6409550561798,459.67641092516124,550.0524746571258,0.32444361451024023,0.05906485602869389,0.31733648088438504,0.2779237249750883,0.3676221577164973,0.6736337756297487,0.1324788624236522,0.6905982905982906,0.5891640866873065,0.7728987068965517,0.8474346632019161,0.21060539804731537,0.9470198675496688,0.7384615384615385,0.9730183203337566,0.5893921482897042,0.14389056515186047,0.5811403508771931,0.48706512042818917,0.6820530098831986
0.0,0.0,"1. High Supply, High Demand",Region 2,62813.19761904762,25807.359929324663,57684.5,46646.25,71456.75,0.8484957874002048,0.10912545619295366,0.8662536717631995,0.805465367965368,0.914502949990635,431.55473610239534,86.06908492421147,415.32624999999996,371.9741964285714,470.38474404350825,0.31879139501554393,0.07107666116902306,0.3222222222222222,0.2759301319489509,0.36424512987012986,0.5019981750974576,0.1689731627749018,0.4950475630087281,0.3896528250510551,0.6147358823864607,0.7231088641590114,0.19708156602568858,0.7610317975340688,0.6635189437428243,0.8333333333333333,0.5480653800948377,0.16042044694266902,0.5434782608695652,0.44927826784282276,0.6395081967213115
0.0,0.0,"1. High Supply, High Demand",Region 3,52041.875,16208.79557082568,51779.5,42306.25,57509.0,0.817920410244269,0.07947638806299454,0.8377090745511798,0.7926047904191617,0.86893064918275,370.1274580554276,46.8120411697158,364.40042052144656,339.53071329867737,402.26522146177683,0.29744118861750435,0.05866865619936996,0.3004424778761062,0.25866502683363146,0.34298623063683303,0.5534694095622152,0.0900645956373818,0.5584239130434783,0.4797183098591549,0.6149753379612715,0.5988415745810276,0.22681758083020678,0.6883347342859811,0.4708411353109294,0.7818027514740038,0.5628902807987886,0.1924527638470354,0.5416666666666666,0.45610440034512506,0.6585526315789474
0.0,0.0,"1. High Supply, High Demand",Region 4,65315.55952380953,21667.298584739856,63024.5,48851.0,79902.5,0.8069845404911973,0.09254721975915137,0.8121821164889254,0.7524379778436574,0.8768841515934538,401.55259402307064,40.90880554477592,402.3415435139573,367.7294642857143,429.87937561236305,0.2882623850520621,0.059408352606166635,0.28172929447852757,0.24333268914871004,0.32496177857051856,0.681795319945567,0.11852134054400165,0.6932126696832579,0.6137123745819398,0.7754981024667932,0.7945931914085327,0.19684564758512071,0.8401702786377709,0.7831294964028777,0.9134010297482837,0.40784879567862137,0.14194109355563672,0.39811320754716983,0.30285412262156447,0.5141711229946524
0.0,0.0,"1. High Supply, High Demand",Region 5,69677.85267857143,22030.412581516284,68744.5,52906.5,85594.25,0.8754452649883063,0.09140011269352771,0.8675584691708009,0.8245756590827014,0.9170751633986929,402.3941975941887,66.87269791499043,394.72245065789474,353.6454320308201,443.99200249272957,0.3662906058839161,0.0824504772987151,0.36867654573326525,0.31648130357670706,0.41715116279069764,0.6028641125131837,0.1660745211742128,0.6141041580328774,0.48905746509129966,0.7340909090909091,0.7520624349959871,0.1989150097329319,0.7985480943738656,0.6720453875626289,0.8943441217447219,0.48030218505283484,0.16095397349737747,0.4776785714285714,0.37142857142857144,0.5771367521367522
0.0,0.0,"2. High Supply, Low Demand",Region 1,45139.642857142855,14170.033569509951,42622.5,34383.0,53696.0,0.731969033109859,0.1077013550083203,0.7200635386119257,0.6383594917787743,0.8186393758912842,427.5385017367338,52.53813399170062,429.42625,397.3342391304348,453.4923835775424,0.3391382517290514,0.0659070964925941,0.3350340136054422,0.2921474358974359,0.37761447145279814,0.6150338044718053,0.15530202494657402,0.6130208333333333,0.5165132336018412,0.7233421750663129,0.7389020390714639,0.18628180915572737,0.7704301075268818,0.6752960825994534,0.8740017424132422,0.5446240430694144,0.1624703077445218,0.5227743271221532,0.4433333333333333,0.634974533106961
0.0,0.0,"2. High Supply, Low Demand",Region 2,48652.63392857143,17550.420443101906,43804.5,36275.5,59306.75,0.6911402593420032,0.13047953581306754,0.7091735577155569,0.5826609404823877,0.7872023809523809,427.1004719639667,75.90197645161655,422.8797226207556,369.79872881355936,475.9725274725275,0.3096586263557715,0.057969236483069855,0.30578791149487317,0.26525856147581195,0.3514256014256014,0.48587995714440513,0.19681710031389066,0.5294117647058824,0.3241255961844197,0.6340152565880721,0.7020781816393724,0.20330439291747573,0.7767393561786085,0.560603323699422,0.8460925946991241,0.469687382073778,0.15388909650140237,0.4647009966777409,0.37073643410852714,0.58
0.0,0.0,"2. High Supply, Low Demand",Region 3,43147.45714285714,15813.700367852673,42976.0,32147.5,52579.0,0.6504275050814947,0.08326721730911235,0.6463014089870526,0.6056450531772276,0.7079699497582709,393.98116726349156,44.869987655099415,395.0832046603032,361.057438432394,428.0003121878122,0.31738677848165736,0.10531729577233495,0.30664545775892543,0.2386458623572026,0.4080357142857143,0.632853078805593,0.1176318939120259,0.6274777853725222,0.54375,0.7344497607655502,0.7182043363370519,0.20686292280276528,0.7285539215686275,0.6349529780564264,0.8588804912612188,0.5506788149992078,0.17543240610056662,0.5263157894736842,0.41888297872340424,0.64
0.0,0.0,"2. High Supply, Low Demand",Region 4,49696.5,10938.62146250614,48036.5,44637.75,58099.25,0.7631833452281164,0.05413953272792721,0.7632918552036199,0.734375,0.8010844748858448,452.6659641179148,36.23877016542837,450.82666666666665,421.4318439716312,473.60685943436044,0.32933950677255697,0.04190832813614507,0.3287800129785853,0.3036713286713287,0.3653770620581304,0.5187476084854584,0.04832019675211299,0.5208573072497122,0.49662698412698414,0.5338158519221643,0.905782194705351,0.15640396027383976,0.9519395698640982,0.9304993542832544,0.9620080606922713,0.4057498046776343,0.108180596707707,0.4168157423971377,0.326177811550152,0.4696078431372549
0.0,0.0,"2. High Supply, Low Demand",Region 5,47216.94047619047,18030.086408891024,46550.5,33868.5,56105.0,0.7202235089984813,0.08708563841065886,0.7371875,0.6747282608695653,0.7704737870400521,434.32605911752387,107.56136236253373,415.3112244897959,360.19881481481485,465.0435446186313,0.3742425487943735,0.07533705608958359,0.36925858951175405,0.3193247126436781,0.4361463778939507,0.47044082836797974,0.13268601222665066,0.475,0.36666260954235635,0.5354166666666667,0.655284370285647,0.2752830328968655,0.7672160758636262,0.42630378096479793,0.890463330513438,0.4543429634071644,0.1735999493107227,0.4625581395348837,0.3306451612903226,0.5714285714285715
0.0,0.0,"3. Low Supply, High Demand",Region 1,32960.666666666664,10551.900116282375,31245.5,26387.5,38440.0,0.8318024337316859,0.11980625462466217,0.8429276315789473,0.7486888111888111,0.9097331240188383,429.5635561232232,91.07015602325245,413.99510433386837,371.3754945402754,466.5194493006993,0.31580541752291513,0.07475788762386924,0.32001044932079414,0.25559192580469176,0.3700226814516129,0.6280117389058947,0.13354818088926,0.6106403013182675,0.540593220338983,0.724802371541502,0.8029199289762823,0.22618531271781062,0.8967013888888888,0.7624539639465012,0.9595833333333332,0.4817200129842529,0.16802965535760572,0.4705882352941177,0.3869949494949495,0.5714285714285715
0.0,0.0,"3. Low Supply, High Demand",Region 2,35306.83597883598,13333.355657811511,33815.5,26086.5,42479.5,0.8657334269316752,0.13725546714731116,0.8761483354403707,0.8148926237161531,0.9377854626125537,443.6905159303876,126.23011280304208,427.55873410724155,382.13350340136054,481.9521793275218,0.3119788441474532,0.08330681882371735,0.3076923076923077,0.2595129375951294,0.3622563718140929,0.5313307780759378,0.20513393753153938,0.5166119021540708,0.38195187165775396,0.6666666666666667,0.736468895206238,0.21961149148513243,0.7891030392883618,0.6809281529448041,0.8753537497473216,0.5767305593300744,0.21049659168772603,0.5789473684210527,0.4620075046904315,0.7
0.0,0.0,"3. Low Supply, High Demand",Region 3,31657.93525179856,10079.692598838601,32623.0,26663.0,37582.5,0.7987445257029837,0.16597966347476115,0.8272727272727274,0.7698920863309353,0.8903781512605042,374.7158137043681,78.29970890401323,374.60526315789474,333.11388447270804,419.3611111111111,0.2952968820703378,0.09273550796228908,0.3026315789473684,0.2544892552251987,0.33520599250936334,0.5950112683532239,0.19225022282815443,0.6521739130434783,0.4601809954751131,0.7377173091458806,0.628207052313804,0.23750313591497085,0.6371681415929203,0.5030120481927711,0.8284313725490196,0.4338146252258005,0.22188980079832077,0.4375,0.3125,0.5555555555555556
0.0,0.0,"3. Low Supply, High Demand",Region 4,37266.642857142855,6579.68953570329,39981.0,33555.5,41556.25,0.8249077646267402,0.10078463547867375,0.822731267853219,0.753740779768177,0.9053094660194174,436.8557328599777,43.19290213975351,437.1826388888889,406.9823384446878,458.6468829285973,0.30577422564155793,0.051813298129668756,0.30425531914893617,0.2786813186813187,0.3400906998781643,0.5489980691008923,0.09144751774985915,0.5394900497512438,0.48066502463054184,0.6168990976210008,0.8104245955029413,0.2350782738772342,0.9106837606837607,0.7964329227020441,0.9479518072289157,0.36266729686070737,0.14429237045745083,0.4037037037037037,0.29895104895104896,0.45456333595594023
0.0,0.0,"3. Low Supply, High Demand",Region 5,28710.391304347828,11211.446400929764,29158.0,20086.75,36454.0,0.813629098437636,0.1725123416942461,0.830762987012987,0.7506313131313131,0.8816850594227504,409.71467649698224,184.56358280575998,398.0706033376123,360.0478616211375,440.6038961038961,0.3416736657919624,0.10338962041254264,0.33333333333333337,0.2755981703026038,0.4043478260869565,0.5500291677383606,0.21247459803375668,0.5481661511268228,0.40909090909090906,0.7050070028011205,0.6604432999395511,0.2570283181302392,0.7125,0.5673611111111111,0.8243034055727554,0.46930226059723634,0.21853588911086122,0.45584415584415583,0.33333333333333337,0.6
0.0,0.0,"4. Low Supply, Low Demand",Region 1,21417.879120879123,7552.460183614773,20606.0,16858.5,26486.75,0.6776574909805237,0.14187699404884796,0.6767023490930717,0.6164954337899544,0.7718308716117513,395.88687026881865,82.92011625049435,384.67196765498653,343.44741379310346,445.0367647058823,0.2892901936169542,0.1141025529640421,0.28801843317972353,0.2030998389694042,0.3681525241675618,0.6270855348207072,0.21616644246455985,0.6609195402298851,0.5030487804878049,0.7701765447667086,0.7342563183836724,0.28578512306259096,0.815140009492169,0.5638563049853373,0.9298172757475083,0.5102052188839402,0.2720787405003998,0.5,0.33333333333333337,0.6428571428571429
0.0,0.0,"4. Low Supply, Low Demand",Region 2,29130.41964285714,8821.544570317445,29222.5,23209.25,35465.75,0.728966276865175,0.13152647573917717,0.7353266888150609,0.65402054224114,0.8293155605974665,448.8775362986756,69.749935778194,444.15338028169015,398.8157608695652,501.80740950226243,0.3354413483699939,0.07416657953996991,0.3315018315018315,0.28571428571428575,0.38394454382826476,0.4151524515746556,0.16241869872297995,0.41885964912280704,0.2985294117647059,0.5226602800294767,0.6390220590703367,0.19554203854606125,0.6686274509803922,0.5507246376811594,0.7459726443768997,0.4499094826657687,0.22047060133240085,0.46410256410256406,0.29791666666666666,0.5819377990430622
0.0,0.0,"4. Low Supply, Low Demand",Region 3,22080.021978021978,8214.480246690668,22277.5,17586.75,27762.5,0.6663565108420288,0.15124803497018777,0.67047223663726,0.5753941441441441,0.7554611650485437,428.6606865216283,93.69776153116135,419.171568627451,377.4387254901961,480.1738775510204,0.3006867076878799,0.09345263862113656,0.3,0.25,0.3579404466501241,0.5952243635166968,0.18550777303642776,0.5833333333333334,0.4598214285714286,0.7159259259259259,0.7975636592326867,0.22839274605715038,0.8610017889087658,0.714367816091954,0.9344202898550724,0.4401609946775795,0.25043558266703225,0.42857142857142855,0.2814285714285715,0.5555555555555556
0.0,0.0,"4. Low Supply, Low Demand",Region 4,33501.19387755102,11120.561106011668,33791.5,25988.0,40754.75,0.685644499122031,0.12385052961851473,0.685476618705036,0.5900175460584033,0.7786549707602339,473.12596259975754,104.54351781839914,478.0785714285714,395.4224419448476,537.2588662790698,0.3177229972300775,0.08346016134069537,0.31296641791044777,0.2564671101256467,0.37903669724770644,0.6096259243045512,0.14957877690994362,0.6113296616837136,0.5153958944281525,0.7053376906318083,0.8491294245197085,0.20337221958374088,0.9277003484320558,0.8067273090763695,0.9778816986855409,0.36985416127456827,0.19291577527404105,0.38548951048951047,0.23917748917748918,0.4846560846560847
0.0,0.0,"4. Low Supply, Low Demand",Region 5,24206.02380952381,9379.575579706609,23534.0,17272.5,30071.75,0.6936143354788902,0.14174894205794555,0.6757509689922481,0.6059027777777778,0.7777777777777777,425.94107588761136,98.67540320548149,412.5393772893773,370.3126119402985,470.6430461073318,0.33380979359027824,0.1101400284389601,0.31586757990867576,0.2600225861095426,0.4088589981447124,0.4851100207884061,0.1618968399595894,0.4905119942713928,0.3964333185644661,0.5789473684210527,0.6652577904728996,0.2084329501751787,0.716297786720322,0.5785256410256411,0.7963741987179487,0.46973270814251633,0.2580176785324492,0.42857142857142855,0.3181818181818182,0.5970588235294118
0.0,1.0,"1. High Supply, High Demand",Region 2,63020.614285714284,32358.067635877527,53715.5,41083.75,72942.5,0.8516337595450023,0.09897545511605954,0.8402658662092625,0.7869724450645273,0.9078208209936387,395.73609412228205,61.558475320850675,388.9758000719166,353.77211234556074,429.88205540740086,0.3233325395517226,0.05693728501028392,0.3224102234596987,0.28419452887537994,0.3621996567505721,0.5817651397481333,0.13175441743204877,0.5781334780249594,0.473864630944277,0.6849206349206349,0.8275520230729049,0.22039574191474393,0.8628526645768025,0.7672207247678946,0.9476699770817418,0.5248023484255695,0.155708103139172,0.5278637770897833,0.44199346405228757,0.6243055555555556
0.0,1.0,"1. High Supply, High Demand",Region 5,41324.92857142857,7642.054591477404,44510.5,35279.5,46864.5,0.799248543381763,0.04353063556680315,0.80625,0.7667530913442362,0.8321005917159763,383.6680039125667,33.57270400707125,382.56294756294756,360.63665413533835,396.69251738305945,0.27929293867405586,0.04075628047601257,0.2692307692307692,0.24934252051335998,0.301747311827957,0.4771631096826699,0.050503812128552164,0.4649525057320668,0.4522540983606557,0.5022556390977444,0.7741087856321451,0.15013498732252978,0.813404050144648,0.7457264957264957,0.8532051282051283,0.3713497240601446,0.14516503690560756,0.3722943722943723,0.29751131221719457,0.4255952380952381
0.0,1.0,"2. High Supply, Low Demand",Region 1,42987.142857142855,14881.21874667002,38052.5,31734.75,53315.0,0.7022994982148065,0.07904741159384485,0.7307599371753051,0.6508749466495946,0.7538908450704225,363.9249014834504,53.1206587745334,351.6111237747891,336.47759772607395,392.4091544374563,0.3739896242281141,0.054260793059463776,0.3784722222222222,0.3405597722960152,0.408187134502924,0.7128539900953577,0.10498367652585537,0.7415652173913044,0.6269607843137255,0.792138300061741,0.796234850489908,0.16982332440588024,0.8060166579299901,0.7751436781609194,0.875,0.38423222594089085,0.15264750309371733,0.3568181818181818,0.2624829001367989,0.4676470588235294
0.0,1.0,"2. High Supply, Low Demand",Region 2,41110.34693877551,12698.791846109261,40050.5,32040.25,47554.25,0.69603034662439,0.08918259762805454,0.7052957633892886,0.6466697790227202,0.7531126202603282,386.0397964796842,50.69577000315463,383.470900756997,352.2628968253968,416.52473262032083,0.32663841238951674,0.08071380059676127,0.31940855584266437,0.26524465207769854,0.383459595959596,0.5712779749860536,0.15844526023173228,0.5688468158347677,0.4538123167155425,0.6674528301886793,0.7881177187555748,0.2139775834367604,0.8295107033639143,0.6971297481860862,0.9251818181818181,0.5043944851613208,0.16403117578525309,0.5,0.40555555555555556,0.6
0.0,1.0,"2. High Supply, Low Demand",Region 3,48040.78571428572,10409.326072600203,49452.0,46165.5,54487.5,0.6534951958514085,0.08382446774319145,0.6722406486088077,0.6200316169828365,0.7081012913640032,436.0680250768991,77.89395339025667,421.8651265126513,402.15405263157896,445.789092502922,0.31549845361794443,0.06296984282678386,0.298936170212766,0.2742257742257742,0.35273885350318473,0.600465576620109,0.05996421101878073,0.6112281163617217,0.5663157894736842,0.6464657089619522,0.877958077835978,0.20832921040066124,0.9594155844155845,0.7819432624113476,1.0374435707004515,0.4871242399595214,0.20590816434455278,0.44505494505494503,0.33674568965517243,0.6027777777777777
0.0,1.0,"2. High Supply, Low Demand",Region 5,41186.46428571428,17514.788909782295,32931.5,26897.75,53558.75,0.6717534929472393,0.12317079514859258,0.6579404847121383,0.5752113105611711,0.7675369198312236,383.5007372096516,74.0759647627694,370.20385947550716,327.6473563218391,434.1398505603985,0.46103253245612735,0.10802063548213883,0.46886446886446886,0.3777813095994914,0.5527472527472528,0.45050845828526,0.11740770350587039,0.43960863697705804,0.35899589399029486,0.5610795454545455,0.8313484913344951,0.1740156244161667,0.8838154269972451,0.8190223910435825,0.9235576923076922,0.42660695235469676,0.16231413700906852,0.42857142857142855,0.326923076923077,0.547979797979798
0.0,1.0,"3. Low Supply, High Demand",Region 2,28790.64285714286,7488.457024545551,29961.5,25262.75,32649.25,0.8032684451435238,0.06686039310189038,0.8090277777777778,0.7890625,0.8383413461538461,361.15632411312833,78.67269878445578,341.39843260188087,305.9756097560976,403.1264600179694,0.38125442610708743,0.05976207943662754,0.37243150684931503,0.34603118355776047,0.4095262096774194,0.5780883004221226,0.22041649769246602,0.49774859287054407,0.4130552546045504,0.7969771241830065,0.8547645301085421,0.28164920127599663,0.84375,0.7287400208261021,1.0804799531753,0.3840157692918301,0.17192025067061012,0.3900966183574879,0.2824675324675325,0.5163636363636364
0.0,1.0,"3. Low Supply, High Demand",Region 5,2250.5714285714284,1479.657429910758,2260.0,1378.75,2783.25,0.13392857142857142,0.2761091518516975,0.0,0.0,0.0,750.7162131519274,959.1551588365999,333.15,0.0,1277.392857142857,0.33854003139717426,0.4464191159486516,0.07692307692307693,0.0,0.825,0.5434807256235828,0.43385813871057155,0.5,0.23333333333333334,0.7023809523809524,0.4971219256933543,0.4383270678142705,0.5,0.0,0.9642857142857143,0.0,0.0,0.0,0.0,0.0
0.0,1.0,"4. Low Supply, Low Demand",Region 1,28069.571428571428,6893.625357635021,28309.0,22990.25,32541.5,0.5972335244593276,0.0952368500186173,0.6083659491193738,0.5601104830421377,0.6420863309352518,371.2030232189707,36.865147751100494,380.2117922520222,352.51200980392156,402.0099641737573,0.2835997315897241,0.050286174461944305,0.2832848837209302,0.2468239564428312,0.3197980684811238,0.5980310348921588,0.08589701621769623,0.5906976744186045,0.552313112745098,0.6502574002574002,0.7151521498461065,0.17692655430771576,0.7244880249913224,0.6900436046511628,0.8111675549633578,0.3981441341612149,0.16464605860630754,0.3660714285714286,0.31770833333333337,0.485
0.0,1.0,"4. Low Supply, Low Demand",Region 2,28000.52380952381,9648.616460500229,26085.0,21246.25,33123.5,0.6964242582513183,0.09866425440718445,0.7098387096774194,0.6330188679245283,0.7703571428571429,381.7513014273744,61.31173098432934,378.4848837209302,337.1044776119403,407.8357612781955,0.3221379289086165,0.07593402576847415,0.31899475794017884,0.2604669887278583,0.3745477159656264,0.4669069523801062,0.14651164925679766,0.4892840857273142,0.3750764525993884,0.5563725490196079,0.8788721858290058,0.21263692942744422,0.9487080103359173,0.8565668202764977,1.0,0.6052294117313767,0.4170823366580997,0.5,0.3560924369747899,0.7598684210526316
0.0,1.0,"4. Low Supply, Low Demand",Region 3,26913.428571428572,7404.651508185376,27278.0,19809.5,32187.0,0.5711561322081666,0.11462087646644846,0.5691094147582698,0.47746360582306835,0.6653828929690999,437.35287705611046,79.49502264835515,428.87288851351354,381.8937908496732,479.7796257796258,0.2416200281137121,0.05961905881581541,0.2258812615955473,0.20810023310023312,0.26756756756756755,0.6169314372096814,0.22806366794172078,0.6521235521235521,0.3958333333333333,0.810086682427108,0.7982634790844968,0.21802386139567692,0.8571428571428571,0.7198085419734904,0.9394263698630136,0.29105997877006284,0.19623963733894298,0.24404761904761907,0.17803030303030304,0.38009049773755654
0.0,1.0,"4. Low Supply, Low Demand",Region 5,22706.196428571428,7308.876499708216,23404.5,16924.75,28588.75,0.642462351749038,0.1373676085727022,0.6622807017543859,0.5519041769041769,0.7515243902439024,426.5248398673314,74.02493390958496,415.9735984354628,371.29529436152575,463.6011904761905,0.30003021901239285,0.10263408542365451,0.2828571428571429,0.22847877358490568,0.3617424242424243,0.684650701278614,0.18664512614358528,0.7087114337568058,0.6,0.8384146341463414,0.8983834215066812,0.18775862884830327,0.9448405253283302,0.8795507770917608,1.0,0.4666708082594546,0.2606579383507896,0.41875,0.3057692307692308,0.6428571428571429
1.0,0.0,"1. High Supply, High Demand",Region 1,49351.95714285714,14490.200803422744,49115.5,39233.0,57976.75,0.8088790748394703,0.11911589953819056,0.8031544957774466,0.7378540640394089,0.8775510204081632,374.5001613095957,62.51424385394037,373.1565119760479,325.8106516793791,424.48607764390897,0.3093537892399844,0.06645376120419554,0.310727969348659,0.2727272727272727,0.3523138832997988,0.6120719551508332,0.14595973727157485,0.6286754210676563,0.5168103448275861,0.7394318900126422,0.7838823686164208,0.27101015950983043,0.853150912106136,0.5955445544554456,0.9766757865937072,0.5936955604679568,0.2693017025725721,0.5555555555555556,0.42857142857142855,0.6958041958041958
1.0,0.0,"1. High Supply, High Demand",Region 2,59462.41142857143,24874.73880105074,53948.5,43507.0,68336.25,0.8267974410376616,0.11724220140061081,0.8336408364083641,0.775979818660427,0.886153130342574,383.7172335199803,75.16045318349451,372.91127154168606,330.2930402930403,437.5064809707667,0.2856294986276244,0.06590759309851982,0.2755457133818412,0.2381382155750387,0.3285714285714285,0.4872345062727057,0.1295400110824085,0.4777268353427294,0.3907674772036474,0.5668321382607097,0.6232237148548534,0.1957828975974498,0.6597710589805451,0.5140413851351352,0.7395463223206237,0.5197440490986106,0.1611590604849042,0.5290736984448952,0.42125822368421056,0.6219512195121951
1.0,0.0,"1. High Supply, High Demand",Region 3,49004.62857142857,15851.96108542174,47490.0,37915.5,56420.75,0.8034866150642821,0.08111665475859071,0.8125,0.7586827393431167,0.8636363636363636,338.2428257613277,69.6572781493832,319.17754820936636,285.8863410390256,375.5405328798186,0.3292598530699504,0.06384894288879214,0.32606316447779865,0.29205502526670407,0.36781673889795685,0.6066844473351237,0.13035709458868347,0.6079661885245902,0.5180996714129245,0.7026684253246753,0.61371139232082,0.2230417680037477,0.6465909090909091,0.5129937629937631,0.7857142857142857,0.45207086609747876,0.21423566680337686,0.42857142857142855,0.33333333333333337,0.5666666666666667
1.0,0.0,"1. High Supply, High Demand",Region 4,50770.90909090909,17730.314883668452,48019.0,38472.75,61184.25,0.7855853311819485,0.122326946480495,0.7890287719689162,0.7188145661157025,0.8663212435233161,362.696856783107,48.43274947405243,354.7041083916084,324.004564679183,396.2390456182473,0.3192971445078751,0.06811203068192749,0.3137254901960784,0.2683336061548535,0.3673076923076923,0.5938536851688834,0.14616061827909196,0.6066017316017316,0.5079656862745098,0.6957085253456221,0.7366177021075947,0.19672360890550641,0.764563950960786,0.6872058823529412,0.8418593212001968,0.39340403267547785,0.1660767519756902,0.4,0.2922794117647059,0.49102564102564106
1.0,0.0,"1. High Supply, High Demand",Region 5,47980.44047619047,17178.53434986047,47609.5,35496.75,57941.75,0.8304177870328009,0.10102820330335388,0.8353039365697594,0.772936419408812,0.881951871657754,353.5639735051051,67.59321014954544,344.57426050211285,307.62141899815714,395.4386051792444,0.32288867862953996,0.07439124695859728,0.32476378817842233,0.28181818181818186,0.3699035169623405,0.4980264810003076,0.17764389029272326,0.4815753887762001,0.375,0.6296296296296297,0.6381608343228321,0.2281479075951505,0.6919865916134337,0.553030303030303,0.784176755447942,0.4587521820583671,0.23201735450519298,0.4615384615384615,0.3438479623824452,0.5714285714285715
1.0,0.0,"2. High Supply, Low Demand",Region 1,45806.74603174603,15464.050226295134,43645.5,35252.0,56458.5,0.6985937314094561,0.10244280131517859,0.7070188097133758,0.6468889279849871,0.7615734884897546,393.23197243073224,94.0183191153477,370.48893268647663,323.83857222134134,440.91503592361505,0.32023610915144685,0.09096024790845612,0.31411960132890365,0.2528815478028198,0.38978738236319277,0.5558192491318549,0.1342177764288564,0.5518620689655173,0.47024886877828054,0.6533140615321082,0.7097158014638745,0.23429329109194408,0.7375578703703705,0.5888888888888889,0.8602379553466509,0.5069413911841242,0.2117342995814495,0.4791304347826087,0.35,0.625
1.0,0.0,"2. High Supply, Low Demand",Region 2,39507.41428571429,15531.325338421988,35968.0,28246.0,44858.75,0.7471398702840373,0.060480984722990176,0.7523584905660378,0.6994416873449132,0.7931417004048583,343.3758836807287,77.00193220927132,316.07317359642946,288.9400568181818,370.7682555780933,0.32958691899263814,0.06739049207270321,0.3344748858447489,0.2787772712471508,0.37470794392523366,0.4334891551608222,0.1145502039451646,0.41127622377622375,0.33423913043478265,0.514453125,0.5678445291112248,0.18586670892583945,0.5941722972972974,0.48683245305164324,0.6855392156862745,0.46095460478110134,0.2259104326849491,0.42857142857142855,0.3088942307692308,0.6083333333333334
1.0,0.0,"2. High Supply, Low Demand",Region 3,46861.55,30813.722849976755,35830.5,27341.5,59563.25,0.6426822377509027,0.14052069420183988,0.6637168141592921,0.5745644599303137,0.7380134428678118,342.46283589871,103.57939567282304,332.4286616161616,296.90607193732194,366.8349358974359,0.2830056608863406,0.08996024196291691,0.28660714285714284,0.21657217103708953,0.3460474308300395,0.5588440328996347,0.12975355035356842,0.5677926158680282,0.48038961038961037,0.6567444620253164,0.7289704916329975,0.24993025406580402,0.7449917898193761,0.5996212121212121,0.8770458054554813,0.5426791556134989,0.2646419033707347,0.5339366515837104,0.3700854700854701,0.6863636363636364
1.0,0.0,"2. High Supply, Low Demand",Region 4,43260.73376623377,16227.06687240789,40432.0,33021.75,49856.5,0.6835171064880506,0.11069012195090304,0.6943899521531101,0.6054018829754123,0.7570729813664596,361.0860024222962,64.78772606797897,353.13176043557166,314.2795539348711,393.85696684587816,0.33041848384453365,0.06945641995990706,0.33105022831050235,0.28571428571428575,0.36705949985628056,0.5375998783669872,0.14855746505600684,0.5680672268907563,0.4290235081374322,0.6400691699604744,0.7817860427350147,0.2103143625251999,0.823458904109589,0.690067214339059,0.9280370843989769,0.37322596551467974,0.15689467515878677,0.3846153846153846,0.27136752136752135,0.4792564655172413
1.0,0.0,"2. High Supply, Low Demand",Region 5,37471.38888888889,14677.430947940298,35569.5,28054.5,42833.0,0.6692754521888632,0.11740767017635859,0.700026177153889,0.623884491277604,0.7451445347786811,341.2757034257405,89.36934872001785,319.9785723851614,271.24252136752136,412.8053768382353,0.35059929209488333,0.08222309003324797,0.34503801520608246,0.2988805970149254,0.4008681785967399,0.49349272423468843,0.1954274357595309,0.4483703929332927,0.3423021235521236,0.5953929539295393,0.6408592575165444,0.3558332844606131,0.6828114590273151,0.32088235294117645,0.9121517027863777,0.42993859861136213,0.22315214009047607,0.4,0.2596618357487923,0.5625
1.0,0.0,"3. Low Supply, High Demand",Region 1,27417.3375,10159.192069845314,27214.5,21394.75,33412.0,0.7887723880994014,0.15779650594560662,0.8058252427184466,0.7291486914006328,0.875,397.65256704014286,98.24557850283038,395.94957152274225,347.584940411701,441.3343023255814,0.2952574711852125,0.09717557414563663,0.29603547209181014,0.24121966794380587,0.36231884057971014,0.5964640782050994,0.16624852532441278,0.6074929971988796,0.5,0.7085227272727272,0.7502325887940017,0.24694563663290775,0.7788888888888889,0.6608804914370812,0.9109768907563025,0.5342309905702874,0.25591616928946026,0.525062656641604,0.375,0.6850328947368421
1.0,0.0,"3. Low Supply, High Demand",Region 2,27546.39030612245,9517.019820787724,27807.5,20612.75,34366.75,0.804756951113282,0.1255695219767793,0.8162280701754386,0.7491666666666666,0.8831709956709957,361.3726190584271,79.32656411137604,356.1814230153283,316.6255912495073,400.5260504201681,0.30815927693132755,0.08699955233046552,0.3035714285714286,0.2532183908045977,0.36179383712399116,0.4361814495185284,0.20201037273216405,0.43403918705123523,0.2733426704014939,0.5747863247863247,0.6911946389463512,0.2239230221462426,0.7259169244365886,0.6052631578947368,0.8448275862068965,0.5168675859026256,0.24272951240180188,0.5,0.35124434389140274,0.6666666666666667
1.0,0.0,"3. Low Supply, High Demand",Region 3,23866.483193277312,9645.704901354806,22563.0,18045.0,28264.25,0.7998430221028185,0.16765104796282543,0.814756671899529,0.7233292079207921,0.881422305764411,355.3718919497486,126.09187693235262,345.3691756272401,290.4712797619047,393.0705329153605,0.2904336994888796,0.11786159403790918,0.2815482502651113,0.22508802816901408,0.35254372019077906,0.5209732860896042,0.19378679943963484,0.5503623188405797,0.36972238288027764,0.6755067567567568,0.6685155226865582,0.2463488967139521,0.7037037037037037,0.5523291925465839,0.8281593406593407,0.5562713705206564,0.4662160225926048,0.5,0.3097165991902834,0.6666666666666667
1.0,0.0,"3. Low Supply, High Demand",Region 4,26254.45918367347,9363.328707543327,26136.0,19703.0,31967.75,0.7959167417140686,0.17622277141835527,0.8097619047619048,0.7370092975206612,0.8836397058823529,352.59425668949376,92.06515283251285,347.1954711954712,304.505,410.9717908902692,0.29344480108406884,0.09252857580503056,0.29008882655446466,0.25,0.35262617370892013,0.5893733595407705,0.147804520329712,0.5779352226720649,0.4915797317436662,0.7,0.7387666906266611,0.25607575120251125,0.8141870684243565,0.6853780864197531,0.9049865229110512,0.38717699298346414,0.2233102529150448,0.375,0.23952380952380953,0.5270897832817337
1.0,0.0,"3. Low Supply, High Demand",Region 5,28321.00824175824,10221.588330179782,28110.0,21418.75,34390.0,0.8380998012566242,0.19134756416911636,0.8435617469879517,0.7734876483174479,0.9107142857142857,381.4793167307224,97.44027753934589,376.19025641025644,332.65762536075033,429.47318458980044,0.3144201076300023,0.10418210519130705,0.3111998897919824,0.25,0.36742196878751504,0.5347529188233695,0.20969658827484106,0.5545634920634921,0.3885416666666666,0.6923076923076923,0.6757000148457829,0.26193677943553684,0.7227450980392156,0.5617055084745762,0.8501865671641791,0.47731444436079823,0.2504508615334622,0.46291208791208793,0.3295454545454546,0.6038461538461538
1.0,0.0,"4. Low Supply, Low Demand",Region 1,19779.830018083183,8998.254801735864,19091.5,13241.25,24704.75,0.6605414109350192,0.1605676290556968,0.6776859504132231,0.5741199119911992,0.7650082236842105,415.75591653735023,153.8603837991975,403.8091736694678,343.39064992025516,466.1688034188034,0.29646541612603244,0.11147989640634086,0.2962962962962963,0.22982345523329129,0.36666666666666664,0.5799388664675368,0.17293159290192797,0.5882352941176471,0.4684107685627443,0.7,0.782724268988964,0.2735893670679558,0.8272546419098143,0.679433962264151,0.942857142857143,0.5572371415745735,0.3175444511801773,0.5333333333333333,0.3846153846153846,0.7142857142857143
1.0,0.0,"4. Low Supply, Low Demand",Region 2,24360.766666666666,8229.104714937697,24702.5,18632.5,29586.75,0.7298821970166496,0.11002852268769132,0.7384615384615384,0.6823171636255749,0.794826258130777,358.8442041439677,65.0120425997349,349.56039488966314,315.4913888377233,397.615,0.3157735361078594,0.09855263997658423,0.3082579185520362,0.25,0.3879506641366224,0.4233048354788977,0.1721290126993852,0.41522988505747127,0.28797564687975646,0.5421428571428571,0.6730501701523351,0.2643488092885042,0.6691542288557214,0.5073004542504868,0.8281593406593407,0.4620236289498881,0.3163482454270789,0.4127789046653144,0.2972222222222222,0.5607638888888888
1.0,0.0,"4. Low Supply, Low Demand",Region 3,20987.8995215311,7864.690230183158,21562.0,15585.0,25817.25,0.6874469273066438,0.14004203163692866,0.7148664343786295,0.632562715199213,0.7747983870967742,350.5339065091791,72.84017801782763,346.5258620689655,303.64602272727274,398.33106575963717,0.2976311713221287,0.09666219165756318,0.3033008658008658,0.22834429824561406,0.36215277777777777,0.4937666318854276,0.20119581529916003,0.5066564260112647,0.352124183006536,0.6418650793650794,0.7216845634359033,0.28416578994223934,0.7537878787878787,0.5742148554336989,0.9017792302106028,0.4407470124141666,0.26382900085805877,0.4444444444444444,0.26144164759725397,0.6
1.0,0.0,"4. Low Supply, Low Demand",Region 4,21532.21568627451,8871.722291540407,20069.0,15010.5,26323.5,0.643357408486261,0.1368567577192693,0.6483983983983984,0.5512945914844649,0.7407407407407408,378.12018735946225,83.20290825709789,368.19704396910277,326.523635751179,421.97770058269833,0.30669568748476567,0.09004127318158077,0.30434782608695654,0.24489795918367346,0.3703703703703704,0.5302519510997545,0.17577999494486954,0.5327956989247311,0.4079743008314437,0.6666666666666667,0.7402042078288883,0.24483243640475832,0.7857142857142857,0.6268382352941176,0.8835144927536231,0.4006448483228757,0.2512468688295067,0.37797619047619047,0.24702380952380953,0.5364010989010989
1.0,0.0,"4. Low Supply, Low Demand",Region 5,20137.302521008405,8088.219812225663,20466.5,14637.0,25758.5,0.6755857184111262,0.16689206476117296,0.7032804857480183,0.6046511627906976,0.7777777777777777,373.7626850537079,157.40066558441472,346.9429898648649,288.855303030303,424.3125,0.3153034838119099,0.13555763947578423,0.3,0.2380952380952381,0.3877551020408163,0.5108591015969436,0.20624963970983806,0.52,0.33990732368896925,0.6790768194070081,0.5757104881190511,0.2726962075105527,0.5787878787878789,0.41632075471698116,0.7556818181818181,0.457143454204795,0.30369438245760827,0.46291208791208793,0.28571428571428575,0.5882352941176471
1.0,1.0,"1. High Supply, High Demand",Region 1,37020.78571428572,8699.008159011548,38905.0,31114.0,44217.5,0.753882032070436,0.12048397031781814,0.769100200114351,0.7014893001735107,0.8506527875793931,346.5180045413792,45.90204301029836,340.30191962281094,312.8597239091843,366.5944693094629,0.3147603608767938,0.05782780701357335,0.3143139075922916,0.2730414746543779,0.34803921568627455,0.8205656977817479,0.0742625071760311,0.8126984126984127,0.7651421930544161,0.8823555476781283,0.7517203263257853,0.19712330168973696,0.7955969789490598,0.7624826227988879,0.8304794520547945,0.4170441810118832,0.14805120953819306,0.4330357142857143,0.32275862068965516,0.5288461538461539
1.0,1.0,"1. High Supply, High Demand",Region 2,63162.28571428572,19208.742976718826,63898.5,48880.0,73439.75,0.7479508089503163,0.07705033147555142,0.7513006654567453,0.7282552083333333,0.7890749601275917,403.61956760294987,50.02849919237542,407.99425685425683,374.29978921170255,436.47222222222223,0.2375886261662903,0.046089991179512006,0.23773923444976078,0.2043241695303551,0.2745164192532613,0.6162011408623834,0.07935410800928787,0.6097251097251097,0.5626157407407407,0.6757575757575758,0.7798876760451924,0.2183235100172725,0.8725456815344456,0.6522058823529412,0.936052828774822,0.5188528447410475,0.18611775060392666,0.48303287380699894,0.3857142857142857,0.6139112903225806
1.0,1.0,"1. High Supply, High Demand",Region 3,63597.19642857143,27274.683727801923,54576.5,46822.0,68225.0,0.784728939870878,0.06431087700207967,0.7915041431371407,0.7472398981864461,0.8313634683315535,316.3546206053913,33.15376850736769,316.2968689099649,295.9136071954555,336.9334075907591,0.30730683019541266,0.07452505167385366,0.28780991735537187,0.2536341704812569,0.34880281690140846,0.5862944294121828,0.07265280435727083,0.5920702025991038,0.528815478028198,0.6370828538550057,0.8217098402236686,0.21605357698130526,0.8534537209490647,0.8029251133944275,0.933739837398374,0.4275714350221209,0.15168026328488252,0.42857142857142855,0.354064039408867,0.5044117647058823
1.0,1.0,"1. High Supply, High Demand",Region 4,44744.142857142855,9499.773040666594,47997.0,43056.75,50826.5,0.7657358112118724,0.08510000696861204,0.7522826086956522,0.7402125228097985,0.7993929925212582,299.22170805939004,17.032124102063616,302.9927147239264,283.9182420686658,312.031602521566,0.322990324422246,0.05202591552776543,0.3134284016636958,0.2844594594594595,0.3464394516374714,0.4874332471194604,0.08410485586300151,0.4963411970292704,0.4254807692307692,0.5393480066445182,0.6413426958355016,0.1720484775196795,0.6751700680272109,0.6183181225554107,0.7510962289723351,0.16886473470507085,0.11369930331233818,0.15151515151515152,0.11653846153846154,0.24702380952380953
1.0,1.0,"1. High Supply, High Demand",Region 5,53892.8,22028.373786971904,50624.0,40333.75,62797.25,0.7598603552890505,0.10634585102725594,0.7772899857617466,0.7476851851851851,0.8193310301507537,347.0102388604822,60.43246101534748,331.6201480698043,299.3522954805492,387.99524291497977,0.3279905015950228,0.08833070152268943,0.3447187141216992,0.26957931493182574,0.39955752212389384,0.6222321328944331,0.14326783860550635,0.6153846153846154,0.5318480262631116,0.7407191674433053,0.7551595203502265,0.1970700072689524,0.8105040650406503,0.7222432739674118,0.8716466234967621,0.47255798427744033,0.18771260182866015,0.43487394957983194,0.35813492063492064,0.6239224137931034
1.0,1.0,"2. High Supply, Low Demand",Region 1,46111.87142857143,16471.96510536935,44074.0,32538.5,57431.75,0.662658519460507,0.10561182837236609,0.6586805555555555,0.5890847052202055,0.7410182823129251,389.7577323750593,59.625296233942784,382.66178052716515,359.53926314374075,417.9357211193494,0.3563657714510681,0.07393931734077457,0.358974358974359,0.3044777802842319,0.3960433467741935,0.5695579027296597,0.08720191509394423,0.5691788526434196,0.510731319554849,0.6242534527808885,0.6231803540272266,0.17866945546475235,0.6714000544415207,0.5359649122807018,0.7338746464738619,0.5160151810285095,0.16141927535666178,0.5,0.41776315789473684,0.5882352941176471
1.0,1.0,"2. High Supply, Low Demand",Region 2,44465.246753246756,16506.90397581628,42157.0,32983.75,52362.0,0.6763447898423592,0.1264962511318532,0.6979992790194665,0.6208441558441559,0.7647435897435898,352.8026635403779,46.789909783289794,348.38826359652893,315.80868644067795,379.87740103319345,0.31447557591685243,0.0655140785457109,0.30669376244193763,0.2693388072601556,0.353860294117647,0.5206151961721617,0.15370630148641087,0.47840638180817896,0.41689560439560436,0.5949342982289088,0.7846417307895759,0.24182460996287716,0.8088048315321043,0.6581013326296344,0.910906862745098,0.46871345132393444,0.20654218469109747,0.46291208791208793,0.33333333333333337,0.6045454545454545
1.0,1.0,"2. High Supply, Low Demand",Region 3,48353.767857142855,26118.920838353144,39547.0,30908.25,59492.25,0.6387934217876524,0.09909404790679502,0.6386876610865051,0.5893744087038789,0.7003246753246752,334.64605161771,55.37243118559072,327.9095238095238,300.76372139765,363.0064279155188,0.32143380227485036,0.07134490373393268,0.31565390469500054,0.28052512886597936,0.37189831684886343,0.45822928578016814,0.14135561309760158,0.4531786627694556,0.35515704584040747,0.5824004975124378,0.6473912196915685,0.25260018979505555,0.6426777006058815,0.4868854045683314,0.772002551020408,0.3525518073211617,0.2171001020387822,0.33333333333333337,0.1989130434782609,0.5037878787878788
1.0,1.0,"2. High Supply, Low Demand",Region 4,33357.42857142857,8595.090402838532,32133.0,26370.5,41592.75,0.5599994197290047,0.10362842024222077,0.558208126583157,0.4995919921662496,0.6045026527528898,344.3797473351389,34.56286302507759,344.81111111111113,311.7503278927427,370.37135593220336,0.19343532110395545,0.049462293030669374,0.1872261543646781,0.1617806311881188,0.2204624643649034,0.6920581928589848,0.0745058601142336,0.6907484407484408,0.636437908496732,0.7223796926177879,0.796032426249254,0.20381478602345346,0.8718844984802432,0.7686247283264912,0.9060828877005347,0.4731982808458925,0.09320599380629789,0.4714285714285714,0.4111111111111111,0.5288461538461539
1.0,1.0,"2. High Supply, Low Demand",Region 5,35073.336734693876,10711.559253830756,35600.5,26343.25,43759.0,0.67350134794009,0.08110995112786891,0.6768875313283207,0.6229217261348776,0.7190169250237266,349.8733728509536,69.58189396106134,332.9238061797753,301.86643356643356,382.9083781362007,0.37890449683685307,0.082192253576563,0.37870531822144726,0.3181923254738789,0.44804900181488205,0.4300630030682398,0.14833141355108154,0.42477375565610864,0.30367822966507174,0.5517241379310345,0.834387848234941,0.2292497460318512,0.8437245866088371,0.7321428571428571,0.9783154121863799,0.4081282360392613,0.21490830630143998,0.3660287081339713,0.2523148148148148,0.5
1.0,1.0,"3. Low Supply, High Demand",Region 2,26029.35714285714,9502.520820264508,27459.0,25250.0,29682.0,0.7585908440633177,0.22743105144774628,0.818014705882353,0.7757340604026846,0.8541920731707318,333.7369753946049,106.5372255377155,374.42842127391214,310.7665551839465,395.2069230769231,0.2042274134964907,0.08790013989089497,0.20431354359925788,0.1834650856389987,0.22664835164835162,0.7051168526345538,0.13864363382635503,0.7096846846846847,0.6628205128205129,0.7858137915022056,1.0174491279449132,0.4561652473741065,1.1282828282828283,1.0326704545454546,1.2846153846153845,0.5104024943310658,0.26256365201797244,0.5416666666666667,0.44999999999999996,0.6666666666666667
1.0,1.0,"3. Low Supply, High Demand",Region 5,36197.92857142857,5800.043308383214,35798.5,33374.75,41244.25,0.8660809201721517,0.0948499598194143,0.8935185185185186,0.8337912087912087,0.9275678294573644,420.053424562282,47.46732845756655,407.4741293532338,391.4275140977444,447.4864512767066,0.22544154798109278,0.04795705931258204,0.2100490196078431,0.19702304737516005,0.25165357585779247,0.4765068569602914,0.07451567789117873,0.4956896551724138,0.4001861504095309,0.5295180722891566,0.8711313679811578,0.22506194428644447,0.9372294372294372,0.8316964285714286,0.9507027697395618,0.630817707560035,0.30096309056308324,0.6148148148148148,0.4836956521739131,0.7135416666666667
1.0,1.0,"4. Low Supply, Low Demand",Region 1,16969.539682539682,6799.116863417829,15796.5,11909.5,21465.0,0.5384966688458334,0.13338218318311346,0.5459326788218793,0.43344907407407407,0.6209876543209877,378.5588796455166,75.42712354370055,382.5513478818999,316.859375,425.5388888888889,0.3113828861241709,0.1047986244828239,0.3060200668896321,0.22814685314685312,0.3703703703703704,0.5219339739600592,0.1831976107085399,0.5,0.4010638297872341,0.5961313697989715,0.9018541119942544,0.36136052699879934,0.9170480549199085,0.6493566176470588,1.207384515289525,0.39633437809208116,0.27345757412945826,0.3798076923076923,0.2,0.5714285714285715
1.0,1.0,"4. Low Supply, Low Demand",Region 2,23103.26785714286,6700.184973891612,22173.5,18673.75,27109.0,0.6303374231634515,0.12577254043767716,0.649559620596206,0.566304347826087,0.7150621118012422,359.6076323940865,66.01114370882999,360.2068965517241,323.85565476190476,391.40277777777777,0.27850153928161975,0.09884872883209943,0.2785542168674699,0.20619282195636876,0.33333333333333337,0.526457119838064,0.16486572787635556,0.5231663685152057,0.39871794871794874,0.6176572617946345,0.927834495990173,0.2297016272052662,1.0,0.8812431544359256,1.0333110941669843,0.4220255689475013,0.2699471272182859,0.4,0.21666666666666667,0.5789473684210527
1.0,1.0,"4. Low Supply, Low Demand",Region 3,15726.57142857143,5918.445590945905,14717.5,10460.0,21209.0,0.5258452906832277,0.18150072812621063,0.5625541125541125,0.3803088803088803,0.6648017902813299,374.92098065027716,109.7370362720276,355.7939214232765,299.0291241496599,420.5333333333333,0.2778462229744755,0.10915043365289834,0.25806451612903225,0.22023809523809523,0.36603995299647474,0.37445810819108444,0.11087849066786204,0.3935483870967742,0.29642857142857143,0.45454545454545453,0.9086440549450432,0.36711970790292847,0.8683574879227053,0.7326923076923076,1.1263586956521738,0.2870046372278515,0.22270582175729478,0.28571428571428575,0.125,0.3884615384615384
1.0,1.0,"4. Low Supply, Low Demand",Region 4,20130.14285714286,7473.9522328441435,18324.5,14286.5,27254.5,0.6847286483704377,0.13662747218767615,0.7205246913580247,0.6062500000000001,0.786036036036036,306.88919122494207,34.63870228417611,317.9408493427705,285.8715479651163,326.0064251582074,0.25517658956639355,0.06762050135616879,0.25962962962962965,0.2030612244897959,0.2950563204005006,0.7029521349999908,0.17030961398395583,0.6385448916408669,0.5643421052631579,0.8570971867007673,0.8828876905102143,0.1903970338945424,0.9034914361001317,0.8531746031746031,0.9866071428571428,0.2604718339816195,0.1441763927749748,0.27525252525252525,0.15109890109890112,0.3664772727272727
1.0,1.0,"4. Low Supply, Low Demand",Region 5,18833.428571428572,4757.888346023635,17998.5,14944.0,22901.75,0.6367619596425117,0.08493063591271169,0.6512292738707834,0.5919509594882729,0.6950757575757576,372.6340903333597,59.350947494429306,362.9961315280464,345.5061793785311,412.2197297297297,0.29915875871886355,0.057731111632177784,0.2922201138519924,0.25854700854700857,0.33333333333333337,0.4094497856426708,0.1388097073137847,0.42857142857142855,0.36175313498893535,0.4912790697674419,1.0879130594186486,0.248677692723756,1.1416416416416415,1.0338753387533877,1.207983193277311,0.37201538832316144,0.2214016417686595,0.3484848484848485,0.2375,0.4659090909090909
